id,label,reason,content
harv_ev_nad_glad_trash_bags_clorox_claims_2022_745d60_2852,assessable_claim,This is a self-contained advertising claim that promises a benefit related to home maintenance and health.,maintain a clean and healthy home
harv_ev_nad_galderma_nemluvio_2025_c10001_3643,assessable_claim,This is a self-contained advertising claim asserting a unique characteristic of the product.,first treatment of its kind
harv_ev_nad_air_methods_air_ambulance_transport_claims_2021_53101b_2945,not_a_claim,This appears to be a slogan or a statement of principle rather than a direct advertising claim about a product or service's features or benefits.,Living Shouldn’t Require a Membership
harv_ev_nad_charter_communications_internet_2023_ec95d2_2849,assessable_claim,This is a comparative advertising claim asserting superiority over competitors.,Satellite and other providers simply can’t compete
harv_ev_nad_shark_detect_pro_2024_a4394c_3273,fragment,This phrase is incomplete and requires additional context to understand what is 'like a full-sized Shark cordless stick'.,like a full-sized Shark cordless stick
harv_ev_nad_nad_reviews_advertising_for_dr_franks_s_joint_relief_2008_e6c113_0840,not_a_claim,"This is a product name, not an advertising claim.",Dr. Frank’s Joint Pain Relief for Dogs and Cats
harv_ev_nad_nad_recommends_reckitt_discontinue_certain_claims_th_2013_4363d2_0807,not_a_claim,"This appears to be a descriptive phrase or a humorous juxtaposition, not a direct advertising claim about a product's benefit or feature.",Sweet Citrus with a note of … E. coli
harv_ev_nad_three_january_nad_fast_track_swift_cases_2021_cc5393_3314,assessable_claim,"This is a quantifiable claim about product reviews, which could be used in advertising.","over 110,000 5-star product reviews!"
harv_ev_nad_nad_plxpharma_claims_2021_c01db0_3045,assessable_claim,This is a comparative advertising claim asserting a faster response than a specific type of aspirin.,faster . . . antiplatelet response than enteric coated aspirin
harv_ev_caru_caru_recommends_stabenfeldt_modify_advertising_priva_2009_7e6fca_0825,assessable_claim,This is a self-contained advertising claim offering a special deal and promoting a book club.,Special Offer for Girls who Love Horses & Ponies…Join the #1 Horse Book Club and get this Giant Welcome Package for just $1. Plus shipping and handling
harv_ev_nad_p_g_colgate_palmolive_participate_in_nad_forum_2007_328736_0227,fragment,"This phrase is a fragment. While it mentions publications and presentations, it doesn't form a complete advertising claim about a product or its benefits.",over 70 publications & research presentations
harv_ev_nad_nad_first_day_life_claims_2021_31721f_2814,assessable_claim,This is a self-contained advertising claim about a satisfaction guarantee.,first day-45 Day Satisfaction Guarantee
harv_ev_nad_nad_refers_advertising_for_stemulite_to_ftc_fda_for__2009_75d49d_1690,assessable_claim,This is a testimonial-style advertising claim about a personal benefit experienced.,I Have Noticed A Tremendous Energy Boost
harv_ev_nad_nad_recommends_reckitt_benckiser_discontinue_no_stre_2019_f5d9dc_0500,assessable_claim,This is a self-contained advertising claim promising a benefit related to clothing appearance.,Clothes Look New For Longer
harv_ev_narb_narb_recommends_shell_modify_discontinue_certain_cla_2017_ecf8c0_0205,assessable_claim,This is a comparative advertising claim asserting superior protection.,no other gasoline protects better
harv_ev_nad_charter_unlimited_2025_ce7363_3523,assessable_claim,This is a self-contained advertising claim promising unlimited data usage.,use all the data you want
harv_ev_ftc_mediaalpha_insurance_leads_2025_0390,assessable_claim,This is a self-contained advertising claim describing a process as quick and easy.,Quick and Easy Eligibility Process
harv_ev_nad_nad_examines_advertising_for_natrol_s_biosil_2008_24ac28_2437,assessable_claim,This is a self-contained advertising claim promising specific benefits for hair.,"Creates Thicker, Stronger, Hair"
harv_ev_nad_glad_trash_bags_clorox_claims_2022_745d60_2853,assessable_claim,This is a self-contained advertising claim promising a benefit related to home cleanliness and health.,keep your home feeling clean & healthy
harv_ev_nad_nad_recommends_french_s_food_modify_discontinue_chal_2016_a6a343_0607,assessable_claim,This is a self-contained advertising claim about the quality of ingredients.,French’s: only real ingredients
harv_ev_ftc_walmart_bamboo_greenwashing_2022_0071,not_a_claim,"This is a product name and description, not an advertising claim.",Food NetworkTM CookingreenTM 2-pk. Striped Kitchen Towels
harv_ev_narb_t_mobile_phone_upgrade_2023_1b6188_3444,assessable_claim,This is a comparative advertising claim criticizing competitors' practices.,AT&T and Verizon rope you in with phone offers then bind you to a three-year device contract
harv_ev_nad_nad_refers_advertising_for_sunpill_to_ftc_2007_7f9742_0010,assessable_claim,This is a self-contained advertising claim providing instructions for product use and implying a benefit during sun exposure.,"during prolonged sun exposure, take two tablets"
harv_ev_caag_cri_genetics_2024_0574,fragment,This phrase is a fragment. It implies a comparison but doesn't specify what is being sorted or in what context.,sort out the great ones from the cheap knockoffs
harv_ev_ftc_intuit_turbotax_free_2022_0338,assessable_claim,This is a self-contained advertising claim promising a free service.,you can file on TurboTax for absolutely nothing
harv_ev_nad_nad_reviews_advertising_for_dr_franks_s_joint_relief_2008_e6c113_0841,assessable_claim,This is a self-contained advertising claim promising pain relief for pets through a simple spray and drink method.,"You spray, your pet drinks, and the pain stops everywhere – it’s that simple"
harv_ev_nad_nad_recommends_irwin_naturals_discontinue_certain_cl_2012_6f9600_1245,fragment,This phrase is incomplete and lacks context to be a standalone claim. It describes an action but not a complete benefit or product promise.,target internal factors that influence problematic skin
harv_ev_ftc_facebook_privacy_2019_0210,not_a_claim,"This appears to be a heading or descriptive text, not an advertising claim.",Responding to Your Feedback
harv_ev_nad_nad_fertilitysmart_claims_2021_3a1106_2942,assessable_claim,This is a self-contained advertising claim about increasing egg quality.,Helps Increase Egg Quality Released in Each Ovulatory Cycle
harv_ev_nad_nad_finds_dse_healthcare_can_support_certain_claims__2016_9a783a_1868,assessable_claim,This is a self-contained advertising claim about a product's function to remove food acid.,Prelief takes out the food acid as you eat
harv_ev_nad_deel_payroll_hris_2024_53b711_2774,assessable_claim,"This is a self-contained advertising claim describing a service offered, including its features and maintenance.","Compliance document collection for contractors, on top of EOR, constantly reviewed and updated"
harv_ev_nad_nad_matys_cough_products_claims_2020_27afd5_0886,assessable_claim,This is a self-contained advertising claim about easing common cold symptoms.,helps ease common cold symptoms
harv_ev_dssrc_tastefully_simple_earnings_claims_2022_151063_3380,not_a_claim,"This is a rhetorical question, not a direct advertising claim about a product or service.",What would you do with an extra $500 to spend each month?
harv_ev_nad_nad_recommends_church_dwight_discontinue_scary_bleac_2016_b14ddc_1138,not_a_claim,"This is narrative text describing a discovery, not a direct advertising claim about a product's benefit or feature.",We read care labels on thousands of white garments and we were surprised they had this warning symbol which means do not use chlorine bleach
harv_ev_nad_nad_recommends_gillette_discontinue_moisturerich_des_2012_51e7f7_1641,assessable_claim,"This is a self-contained advertising claim, an imperative to 'treat your skin' with a specific product attribute.",Treat your skin to MoistureRich
harv_ev_nad_audien_rechargeable_hearing_aid_claims_2021_a9c473_3211,assessable_claim,This is a self-contained advertising claim comparing the product's technology to more expensive alternatives.,Similar technology to $5000 hearing aids
harv_ev_ftc_lumosity_brain_training_2016_0024,assessable_claim,"This is a self-contained advertising claim promising improvement in job performance, attitude, and ratings.","Improve Your Job Performance, Attitude, and Ratings"
harv_ev_caru_caru_recommends_spin_master_discontinue_certain_broa_2010_00b1c1_0170,assessable_claim,This is a self-contained advertising claim describing a 'revolutionary new toy' with a specific function.,revolutionary new toy for filling the bath with the foamiest bubbles
harv_ev_nad_gravity_defyer_shoes_claims_2021_427f5c_2890,assessable_claim,"This is a self-contained testimonial acting as an advertising claim, describing a life-changing experience with the shoes for back pain.",I’ve had lower back pain for years. Walking in these shoes was life changing for me. I feel like I’m walking on air
harv_ev_nad_frontier_communications_voluntarily_discontinues_cer_2017_990a04_1497,assessable_claim,This is a self-contained advertising claim about the internet service's capacity to handle online activities.,"Frontier Internet is enough to handle all you do online… You name it online, you can do it with Frontier"
harv_ev_nad_nad_reviews_advertising_for_renaissance_health_s_rev_2007_3b47aa_2520,not_a_claim,"This appears to be a title or heading for a report, not an advertising claim.",Natural Health News Report
harv_ev_nad_next_health_2025_7d4e94_3598,fragment,This phrase is incomplete and lacks context to be a standalone claim. It describes a desired outcome but not a product or service that delivers it.,"live the longest, most fulfilling life"
harv_ev_nad_nad_recommends_blue_buffalo_modify_certain_claims_to_2014_05a401_0154,not_a_claim,"This is narrative text discussing consumer awareness and a warning, not a direct advertising claim about a product's features or benefits.",Pet parents are learning the truth about the ingredients in some of the leading dog food brands. Don’t be fooled by the big name dog food brands
harv_ev_nad_nad_refers_advertising_claims_by_ba_sports_nutrition_2018_7e2eb6_1350,assessable_claim,This is a self-contained advertising claim comparing the product's naturalness and hydration benefits.,More Natural Better Hydration
harv_ev_nad_nad_recommends_mane_choice_modify_product_name_disco_2017_b818c0_1792,assessable_claim,This is a self-contained advertising claim describing a product's function as 'Growth Stimulating Edge Control'.,Growth Stimulating Edge Control
harv_ev_nad_nad_finds_chattem_can_support_challenged_claims_for__2014_f47d39_1102,assessable_claim,This is a self-contained advertising claim listing the symptoms relieved by the product.,temporarily relieves these symptoms of hay fever or other upper respiratory allergies ? nasal congestion ? runny nose ? sneezing ? itchy nose
harv_ev_nad_spectrum_download_speeds_claim_2022_701543_3336,fragment,This phrase is incomplete and lacks context. 'All of this' refers to something not present in the text.,keep up with all of this
harv_ev_nad_nad_recommends_chattem_discontinue_certain_claims_fo_2018_02ffc9_1605,assessable_claim,This is a self-contained advertising claim about the product's formulation to relieve dry mouth.,Specially formulated to help relieve dry mouth
harv_ev_ftc_facebook_privacy_2019_0207,fragment,This phrase is incomplete and lacks context. 'Control who can see' needs to specify what is being seen and in what context.,control who can see
harv_ev_nad_nad_recommends_euro_pro_modify_discontinue_certain_c_2012_0a1ad7_0062,assessable_claim,This is a self-contained advertising claim about a product's sustained cleaning power.,never loses cleaning power
harv_ev_dssrc_vivint_2026_c41d8e_3663,assessable_claim,"This is a self-contained claim about achieving financial freedom at a young age, which could be interpreted as an implied earnings claim for a business opportunity.",I’ve been able to experience financial freedom at 19-21 years old
harv_ev_nad_nad_reviews_claims_for_neuracel_reminds_advertisers__2015_0bc2c1_0312,assessable_claim,This is a direct and assessable claim promising the cessation of nerve pain.,No More Nerve Pain
harv_ev_nad_nad_recommends_wink_naturals_discontinue_certain_cha_2019_c58a63_2469,assessable_claim,"This is a self-contained claim describing how to use a product and the benefits it provides (relax, rest, breathe free).","Apply to the chest and neck area just before bedtime to relax, rest and breathe free"
harv_ev_nad_nad_refers_advertising_for_patenthealth_s_trigosamin_2011_ce4391_0310,assessable_claim,This is an assessable claim about a pill's ability to improve mobility quickly.,Imagine a pill that can start helping you get around more easily in just a matter of days
harv_ev_nad_nad_bel_marra_hearing_rescue_claims_2018_bbb7ed_1619,assessable_claim,This is a clear and assessable claim about improving hearing attributes.,"Improve the volume, range and sensitivity of your hearing"
harv_ev_nad_nad_finds_h_h_gregg_acted_properly_in_discontinue_ad_2012_2ed929_2367,not_a_claim,"This is a product description with pricing information, not a claim about the product's performance or benefits.",LG 30.7 Cu. Ft. Stainless Steel French Door Refrigerator SRP $3299.99. Now $2999
harv_ev_nad_nad_refers_advertising_for_ba_sports_nutrition_s_bod_2017_9c9085_0040,fragment,"This is a list of ingredients or characteristics, but it's incomplete as a claim. It's missing context like 'contains no...' or 'free from...' to be assessable.","artificial flavors, artificial sweeteners, artificial colors"
harv_ev_ftc_walmart_bamboo_greenwashing_2022_0076,not_a_claim,"This is a product name and description, not an advertising claim about its performance or benefits.",Happitat™ Soft Rayon From Bamboo Duvet Cover and Sham Set
harv_ev_cfpb_bloomtech_isa_2024_0004,assessable_claim,"This is a direct and assessable claim about the financial terms of a service, promising no loans or debt.","No loans, no debt"
harv_ev_nad_nad_recommends_charter_discontinue_one_version_of_mo_2018_be3be9_0999,not_a_claim,"This appears to be a narrative or a complaint, not an advertising claim made by a company.",Satellite dish went out in the rain. Again
harv_ev_nad_nad_recommends_sanderson_farms_discontinue_claims_ab_2017_6e09e4_0986,not_a_claim,"This is a statement about a marketing tactic, not an advertising claim for a product or service.",just a trick to get you to pay more money
harv_ev_ftc_publishers_clearing_house_2023_0494,not_a_claim,"This looks like administrative or procedural text, possibly from a document, not an advertising claim.",Enc. Doc. W30 APPROVED. OP EN NOW!
harv_ev_nad_jjci_neutrogena_product_claims_2021_33b79a_2981,fragment,This is a fragment. It describes how a product is used but is missing the context of what 'used most often' implies or what benefit it provides.,used most often for themselves and their own families
harv_ev_nad_nad_finds_p_g_can_support_certain_claims_for_olay_ul_2014_051504_2280,assessable_claim,This is a clear and assessable claim about a product's function: releasing a moisturizing lotion.,releases a moisturizing lotion
harv_ev_nad_shenzhen_zhiyi_technology_modifies_discontinues_clai_2017_785e56_2446,assessable_claim,This is a self-contained and assessable claim about a product's ability to reduce dust and allergens.,"Dust is reduced by iLife’s filter, thus reducing the amount of allergens in the air"
harv_ev_nad_sumo_logic_discontinues_express_implied_claims_chall_2014_cb462f_2644,assessable_claim,"This is an assessable claim about a company's past performance, specifically migrating clients from a competitor.","Sumo Logic recently migrated companies such as Salesforce.com, Autodesk, and Accenture from Splunk Enterprise"
harv_ev_nad_natures_truth_2026_7807a3_3687,not_a_claim,"This is a product name and dosage information, not an advertising claim about its benefits or performance.",Magnesium Glycinate Gummies 200 mg per serving
harv_ev_nad_nad_recommends_health_club_diet_llc_discontinue_heal_2018_67ff79_0912,assessable_claim,This is a self-contained and assessable claim about a product's ability to increase male attributes using patented technology.,"Androzene is an all-natural scientific breakthrough that uses patented technology to increase a man’s desire, firmness, stamina, and sensitivity"
harv_ev_nad_insurance_auto_auctions_to_discontinue_claims_at_iss_2009_2835d1_1448,assessable_claim,This is a direct and assessable claim about achieving the highest selling prices and returns.,Highest Selling Prices and Returns
harv_ev_nad_nad_recommends_healthylife_discontinue_certain_claim_2013_ba92e5_1949,assessable_claim,This is a clear and assessable claim about a product's ability to initiate weight loss.,Healthe Trim gets you started losing unwanted pounds
harv_ev_nad_nad_little_spoon_baby_food_claims_2020_e7361e_0177,fragment,"This is a slogan or a call to action, but without context, it's not a self-contained claim about a product's attributes or benefits.",Let’s keep it fresh
harv_ev_nad_nad_recommends_novartis_discontinue_speed_of_onset_c_2011_c22be1_1763,assessable_claim,This is a clear and assessable claim about a product's speed of action in relieving headaches.,starts relieving headaches faster
harv_ev_nad_nad_reviews_advertising_for_bayer_s_aleve_liquid_gel_2009_0b0203_1921,assessable_claim,This is a direct and assessable claim about the efficacy and duration of a product's pain relief.,Only two Aleve can stop pain all day
harv_ev_ftc_walmart_bamboo_greenwashing_2022_0073,not_a_claim,"This is a product name and description, including material and thread count, not an advertising claim about its performance or benefits.",Simply Vera Vera Wang 600 Thread Count Supima Cotton Rayon from Bamboo Sheet Set or Pillowcases
harv_ev_nad_nad_finds_p_g_took_necessary_action_in_discontinuing_2013_387d61_2542,fragment,"This is a comparative fragment, missing the item being compared to 'a mop and bucket'.",than a mop and bucket
harv_ev_nad_nad_recommends_schmidt_s_deodorant_co_discontinue_ce_2017_e9a091_0385,assessable_claim,This is a self-contained claim about a product's performance and ingredients.,provides wetness protection without aluminum
harv_ev_nad_verizon_sprint_participate_in_nad_forum_2008_26ea02_0465,assessable_claim,This is a testimonial-style claim about the benefits and reliability of Verizon Wireless compared to 'that old service'.,We all upgraded to Verizon Wireless. Got push to talk and the reliability of the network. That old service is useless now
harv_ev_nad_nad_refers_advertising_claims_from_coorga_nutraceuti_2014_91b16d_1292,assessable_claim,"This is a clear, self-contained offer with a performance claim and a money-back guarantee.","Try Grey Defence Xtreme for 6 months, if the results don’t amaze, we’ll give you your money back"
harv_ev_ftc_volkswagen_clean_diesel_2016_0051,assessable_claim,This is a self-contained claim about the experience of 'going green' with a specific product or service.,Now going green doesn’t have to feel like you’re going green
harv_ev_caag_cri_genetics_2024_0576,fragment,This is a fragment that is too vague to be an assessable claim without more context. 'Lost in the market' could refer to many things.,lost in the market
harv_ev_nad_nad_fertilitysmart_claims_2021_3a1106_2944,assessable_claim,This is a self-contained claim about a product's health benefit.,Helps Maintain Healthy Uterine Lining
harv_ev_nad_bestcompany_com_moderated_reviews_claim_2022_bcbcf3_3120,assessable_claim,This is a self-contained claim about the nature and quality of the rankings and reviews provided.,Truly Independent and Impartial Rankings and Reviews
harv_ev_nad_nad_refers_advertising_for_brain_research_labs_proce_2014_a13dbe_0742,assessable_claim,This is a self-contained claim about the function and benefits of vinpocetine.,"vinpocetine, a substance that helps deliver increased oxygen and glucose to your brain"
harv_ev_nad_galderma_nemluvio_2025_c10001_3642,assessable_claim,This is a self-contained claim about the efficacy of a treatment for eczema.,treating eczema at its core
harv_ev_nad_nad_recommends_heartland_discontinue_99_natural_clai_2010_8c996b_0835,assessable_claim,This is a self-contained claim about the naturalness and calorie content of a sweetener.,Natural! No calorie Sweetener
harv_ev_nad_native_pg_2024_1f2f4f_2826,assessable_claim,This is a self-contained claim about the origin of a product.,Born in the USA
harv_ev_nad_4patriots_long_term_survival_food_kits_2022_87d73f_3282,assessable_claim,This is a self-contained claim about the authenticity and source of product reviews.,"Real Survival Food Reviews, from Real Customers"
harv_ev_nad_nad_reviews_advertising_for_dr_franks_s_joint_relief_2008_e6c113_0842,assessable_claim,This is a self-contained claim about the ease of use and benefit of a product for pets.,"You spray, your pet drinks, and they live pain free"
harv_ev_nad_nad_optimmuner_plus_ftc_fda_2020_8d260a_0444,assessable_claim,This is a self-contained claim about the speed and magnitude of improvements from a product.,Radical improvements during the first weeks
harv_ev_narb_narb_panel_recommends_neutrogena_discontinue_water_s_2014_eff7b3_2635,assessable_claim,This is a self-contained claim about the protective qualities of a product against water and sun.,water + sun barrier
harv_ev_nad_nad_reviews_advertising_claims_for_golf_clubs_follow_2013_6de119_2342,assessable_claim,This is a self-contained superlative claim about a golf driver.,longest driver in golf
harv_ev_nad_nad_recommends_p_g_discontinue_certain_claims_for_ol_2013_a6fede_0381,fragment,"This is a comparative fragment, missing what the product cleanses 'as effectively as'.",cleanses as effectively as
harv_ev_nad_nad_recommends_nature_s_way_discontinue_26_fruits_ve_2014_75927d_2424,assessable_claim,This is a self-contained claim about the tangible benefit of a product's nutrition.,Alive! is nutrition you can feel
harv_ev_nad_sumo_logic_discontinues_express_implied_claims_chall_2014_cb462f_2646,not_a_claim,"This is a heading or title for a comparison, not an advertising claim itself.",Sumo Logic vs. Splunk: Top 6 reasons to think beyond Splunk
harv_ev_nad_nad_recommends_charter_discontinue_one_version_of_mo_2018_be3be9_0996,fragment,"This is a fragment of a narrative or description, not a self-contained advertising claim.",went out in the rain
harv_ev_cfpb_hello_digit_2022_0001,assessable_claim,This is a self-contained claim about a product's ability to help users save money effortlessly.,save money without thinking about it
harv_ev_nad_nad_refers_advertising_for_stemulite_to_ftc_fda_for__2009_75d49d_1691,assessable_claim,This is a testimonial-style claim about the speed of results from using a product.,"Using Stemulite, I Have Seen Results in 2-3 Weeks"
harv_ev_ftc_devry_education_claims_2016_0099,assessable_claim,This is a self-contained claim offering assurance of career success through DeVry.,Count on DeVry for Career Success
harv_ev_nad_nad_recommends_nordic_us_discontinue_certain_claims__2013_99a34d_0988,assessable_claim,This is a self-contained advertising claim describing the product's composition and its innovative nature.,"Hair Volume is based on vitamins, minerals and innovative hair growth from apples. The composition is a unique innovation and reinvention of the old hair, skin and nail tablet"
harv_ev_nad_nad_reviews_advertising_claims_for_rental_carpet_cle_2013_f1e4ed_0829,fragment,"This is a rhetorical question that implies a comparison but doesn't state what 'that' or 'this' refers to, making it incomplete as a standalone claim.",Why Settle for That When You Can Rent This?
harv_ev_nad_nad_recommends_nature_s_way_discontinue_26_fruits_ve_2014_75927d_2423,assessable_claim,"This is a clear, self-contained claim about the product's ingredients.",made with 26 fruits and vegetables
harv_ev_nad_nad_recommends_at_t_modify_discontinue_certain_claim_2018_2a9db7_0261,fragment,This phrase is grammatically incomplete and lacks context to be understood as a full claim.,More for your stream like a boss thing
harv_ev_ftc_mediaalpha_insurance_leads_2025_0391,assessable_claim,"This is a clear, self-contained claim about pricing.",Health Plans from $1
harv_ev_nad_nad_recommends_metabolic_research_modify_discontinue_2010_527a7f_0520,assessable_claim,This is a self-contained claim listing specific benefits experienced by users of the product.,People who take Stemulite Experience: Deep REM Sleep Increased Muscle Gain and Endurance Increased Wellness and Energy
harv_ev_nad_nad_recommends_charter_discontinue_one_version_of_mo_2018_be3be9_0997,fragment,This is a descriptive phrase that lacks context to be an advertising claim. It sounds like part of a narrative.,"went out in the rain, again"
harv_ev_nad_accredited_debt_relief_claims_2022_911f09_2779,fragment,"This is a fragment because it doesn't specify 'whose' monthly payments or 'in half' compared to what, making it incomplete.",monthly payments in half
harv_ev_caru_caru_recommends_playmobil_modify_broadcast_advertisi_2012_6017df_1377,assessable_claim,"This is a series of descriptive claims about a product's features and qualities, which could be assessed for truthfulness.",It’s beautiful! So many rooms! A grand playroom! A master bedroom and balcony! Lights that work! And two grand staircases! It’s so grand!
harv_ev_ftc_volkswagen_clean_diesel_2016_0045,not_a_claim,"This appears to be a heading or a statement introducing a common misconception, not an advertising claim itself.",Diesel Old Wives’ Tale #6: Diesel is Dirty
harv_ev_nad_nad_recommends_triumph_pharmaceuticals_discontinue_c_2018_329a83_1896,assessable_claim,"This is a clear, self-contained claim about the product's benefit.",soothing moisture for a dry mouth
harv_ev_nad_nad_reviews_advertising_for_bayer_one_a_day_all_day__2007_d5912a_1647,assessable_claim,This is a self-contained claim about the product's benefits and mechanism.,Helps You Feel Mentally and Physically Energized All Day with an Extended-Release Guarana Blend
harv_ev_nad_nad_finds_proven_health_acted_properly_in_discontinu_2012_f31bac_2362,assessable_claim,"This is a clear, self-contained claim about the product's intended benefit.",Support your healthy circulatory system
harv_ev_nad_nad_recommends_central_coast_nutraceuticals_modify_d_2009_453719_0091,assessable_claim,"This is a clear, self-contained claim about market leadership.",America’s #1 Cleansing product
harv_ev_nad_klf_international_says_it_will_discontinue_claims_fo_2016_b3cc26_0100,assessable_claim,"This is a clear, self-contained claim about a product's effect.",Dramatically increasing your female metabolism
harv_ev_nad_nad_refers_advertising_for_cytosport_s_muscle_milk_t_2009_d48552_0202,assessable_claim,"This is a clear, self-contained descriptive claim about a product.",High Protein Chocolate Milk Shake
harv_ev_nad_native_advertising_nad_reviews_joyus_product_videos__2016_aa9bb2_0972,assessable_claim,"This is a self-contained metaphorical claim about a product's effect, implying a strong benefit.",Botox in a bottle
harv_ev_nad_nad_recommends_walmart_discontinue_certain_savings_c_2011_a665ed_1256,assessable_claim,"This is a clear, self-contained comparative claim about savings.",save 30% or more versus the national office superstores
harv_ev_nad_nad_finds_coca_cola_can_support_certain_claims_for_m_2009_0a6788_2206,fragment,"This is a proverbial phrase that, without context, doesn't function as a specific advertising claim about a product.","put good in, get good out"
harv_ev_nad_nad_air_wick_essential_mist_claim_2020_409385_2246,assessable_claim,"This is a clear, self-contained claim about how a product functions.",naturally diffuses fragrances into mist
harv_ev_nad_biossance_2024_ad714a_2859,assessable_claim,This is a self-contained claim about the product's ingredients and their safety.,Clean ingredients and clean formulas – we ban over 2000 ingredients that are known to be toxic to you and the environment
harv_ev_narb_narb_recommends_directv_discontinue_worry_free_relia_2018_a8508a_0425,not_a_claim,"This sounds like a customer's concern or a statement about a potential problem, not an advertising claim made by a company.",My signal will go out
harv_ev_nad_chipotle_sustainability_claims_2022_fb2b67_3103,assessable_claim,This is a self-contained claim about environmental benefits and how they are achieved.,"Reduced Carbon Emissions: From Farm to foil, we’re reducing greenhouse gas emissions by optimizing our supply chain, compared to conventional ingredients"
harv_ev_nad_verizon_sprint_participate_in_nad_forum_2008_26ea02_0467,fragment,This is a statement that lacks context. It's unclear what 'old service' refers to or why it's 'useless now' in an advertising context.,old service is useless now
harv_ev_nad_nad_refers_advertising_for_amilife_edc_fidget_spinne_2017_45de49_0786,assessable_claim,"This is a clear, self-contained claim about the product's benefits for specific conditions.","Great for anxiety, focusing, ADHD, autism"
harv_ev_nad_nad_finds_t_mobile_s_crowdsourced_data_can_serve_as__2015_877fd0_0586,assessable_claim,This is a self-contained advertising claim that makes a comparative statement about T-Mobile's network capacity.,T-Mobile’s network has more data capacity per customer than Verizon and AT&T
harv_ev_nad_nad_finds_chase_doesn_t_mislead_consumers_with_point_2013_dd1b14_1761,assessable_claim,This is a self-contained advertising claim that describes the benefits of Chase Freedom and compares it to a competitor.,"Chase Freedom gives you a full 1% cash back from your first purchase. Unlike the Largest Cash Back Card, which only gives you 0.25% until you spend $3,000, every Year"
harv_ev_nad_nad_recommends_verizon_discontinue_claim_twice_as_fa_2012_dd7af1_1095,fragment,This is a comparative claim but it's cut off. 'twice as fast' needs to specify what is twice as fast.,twice as fast as any AT&T smartphone
harv_ev_nad_nad_examines_advertising_from_ideavillage_for_slimsh_2008_b53f7b_1313,assessable_claim,"This is a self-contained advertising claim about the efficacy of a product, supported by clinical studies.",Demonstrated to work in 4 published clinical studies
harv_ev_nad_nad_recommends_french_s_discontinue_facebook_commerc_2017_aa7d13_0613,fragment,"This is a question, not a claim, and it's likely part of a larger narrative or explanation. It doesn't make a direct promise.",why our ketchup tastes great
harv_ev_nad_guideline_arr_2025_8300bd_3613,not_a_claim,"This appears to be a financial metric or a heading, not an advertising claim directed at consumers.",nearly $140 million ARR
harv_ev_caru_caru_recommends_mga_entertainment_modify_packaging_f_2012_97dbf8_0890,assessable_claim,This is a self-contained advertising claim about a product feature.,Now with 100s of poses
harv_ev_nad_nad_finds_presence_of_baby_experts_in_prego_commerci_2017_9b7ce4_2376,not_a_claim,"This is descriptive text about an experiment or demonstration, not a direct advertising claim about a product's benefit.",We took lifelong pasta experts and gave one Prego Traditional and one Ragu Traditional. This is what happened
harv_ev_nad_december_fast_track_swift_2022_0db7a5_3096,assessable_claim,This is a self-contained advertising claim making a superlative statement about a product.,first and only high velocity hair dryer and styling system
harv_ev_dssrc_dssrc_refers_aloe_veritas_to_ftc_2019_f6e752_0127,assessable_claim,This is a self-contained advertising claim promising a benefit to the consumer (or potential business partner).,We give you the means to achieve an extraordinary level of success
harv_ev_nad_nad_recommends_discontinuation_of_health_related_sup_2020_aa9d1d_2657,assessable_claim,This is a self-contained advertising claim making a superlative statement about a product's speed of treatment.,Shortest yeast infection treatment on the market
harv_ev_ftc_opendoor_ibuying_2022_0450,assessable_claim,This is a self-contained advertising claim making a promise or offer to the consumer.,"just finished analyzing your home’s market value, and we’re excited to make you an offer!"
harv_ev_nad_nad_recommends_discontinuance_of_health_and_doctor_r_2019_7e12c4_0284,fragment,This is a fragment. 'easing baby's cold symptoms' needs to be connected to a product or method to be a full claim.,easing baby’s cold symptoms
harv_ev_nad_nad_reviews_advertising_for_prostalex_plus_2009_1f6344_0323,assessable_claim,This is a self-contained advertising claim promising a specific health benefit.,regain your youthful prostate function
harv_ev_ftc_mediaalpha_insurance_leads_2025_0382,not_a_claim,"This appears to be a category heading or a descriptive label, not an advertising claim.",Top Health Insurance Providers
harv_ev_nad_safe_catch_tuna_mercury_testing_claims_2021_8ddf06_3321,not_a_claim,"This is a question, likely a rhetorical one, and not a direct advertising claim about a product's benefit or feature.",Why test every tuna?
harv_ev_nad_nad_finds_peak_life_can_support_certain_claims_for_s_2011_057b32_1354,assessable_claim,This is a self-contained advertising claim about a product's effect on sleep.,Somnapure’s unique sleep blend will help promote a calm and relaxing sleep
harv_ev_nad_nad_finds_brain_research_can_support_certain_claims__2009_52778c_1181,assessable_claim,This is a self-contained advertising claim making a superlative statement about a product's efficacy and validation.,"First University-Validated Mood, Memory & Cognitive Enhancer with Double Proof of Efficacy"
harv_ev_nad_nad_recommends_behavioral_technology_group_discontin_2017_8dd86c_2402,assessable_claim,This is a self-contained advertising claim about the effectiveness of a product in helping people quit habits.,"Pavlok has helped hundreds quit smoking, nail-biting, unhealthy eating, overspending, and more"
harv_ev_nad_nad_recommends_matrixx_discontinue_claims_that_sugge_2013_9ac7cd_1369,not_a_claim,"This is an imperative statement or a slogan, not a direct claim about a product's attributes or benefits.",Don’t let a monster of a cold catch you
harv_ev_nad_avadim_health_theraworx_claims_2020_a64c7d_3148,assessable_claim,This is a self-contained advertising claim about the recommendation of a product by professionals.,Healthcare Professionals Recommend Theraworx
harv_ev_narb_narb_recommends_reckitt_benckiser_discontinue_advert_2016_7a0c6d_1634,fragment,This is a fragment. 'approved to kill' needs to specify what is approved and what it kills to be a complete claim.,approved to kill … more types of germs
harv_ev_dssrc_limbic_arc_performance_earnings_claims_2021_0d8d93_3385,fragment,This is a fragment. 'Passive income & a healthy future together amazing' is grammatically incomplete and lacks a clear subject or verb to form a coherent claim.,Passive income & a healthy future together amazing
harv_ev_nad_nad_recommends_microgreen_polymers_discontinue_chall_2015_694c77_0729,not_a_claim,"This is a narrative statement, likely part of a story or explanation, not a direct advertising claim about a product's benefit or feature.",I used to be a water bottle
harv_ev_nad_nad_refers_advertising_claims_for_cross_brands_sea_s_2018_8b7c07_0045,assessable_claim,This is a self-contained advertising claim about the protective qualities of a product.,INFRARED sunscreen protection for your skin from free radical damage caused by long term exposure to IR-A waves
harv_ev_nad_nad_recommends_kauai_coffee_modify_discontinue_certa_2017_07b4ad_0421,assessable_claim,"This is a self-contained advertising claim that a compliance reviewer could assess for truthfulness and substantiation. 'Don't trash the Earth with your coffee' implies an environmental benefit, and 'BREW & RENEW' reinforces this idea.",Don’t trash the Earth with your coffee. BREW & RENEW
harv_ev_nad_march_fast_track_swift_cases_2022_67ef8b_3079,fragment,This is a fragment. 'biggest game of the year' is incomplete without knowing what 'game' it refers to. It's a superlative that needs context to be assessable.,biggest game of the year
harv_ev_nad_nad_recommends_central_coast_nutraceuticals_modify_d_2009_453719_0095,assessable_claim,"This is a self-contained advertising claim. 'Cleanse your entire system' is a specific, assessable claim about a product's effect.",Cleanse your entire system
harv_ev_nad_nad_recommend_discover_modify_chart_of_comparative_c_2017_1f0437_1526,assessable_claim,"This is a self-contained advertising claim. 'Compare credit cards and see how Discover stacks up' is an invitation to compare with an implied positive outcome for Discover, which is assessable.",Compare credit cards and see how Discover stacks up
harv_ev_nad_nad_recommends_charter_discontinue_one_version_of_mo_2018_be3be9_0995,assessable_claim,"This is a self-contained advertising claim. 'TV that cuts out in the rain is evil. Spectrum is reliable. Satellite TV Bad. Spectrum Good' contains clear, assessable claims about the reliability of Spectrum TV compared to satellite TV.",TV that cuts out in the rain is evil. Spectrum is reliable. Satellite TV Bad. Spectrum Good
harv_ev_narb_narb_recommends_goya_discontinue_claim_that_excelsio_2019_c581c9_0941,assessable_claim,This is a self-contained advertising claim. 'La pasta favorita de Puerto Rico' (The favorite pasta of Puerto Rico) is a superlative claim about popularity that can be assessed.,La pasta favorita de Puerto Rico
harv_ev_ftc_walmart_bamboo_greenwashing_2022_0075,fragment,"This is a fragment. 'gentle on the planet' is an environmental claim, but it's incomplete without knowing what product or action is gentle on the planet. It needs context to be assessable.",gentle on the planet
harv_ev_nad_verizon_rootmetrics_claims_2019_750af6_0052,assessable_claim,"This is a self-contained advertising claim. 'most reliable 4G LTE network' is a clear, comparative claim that can be assessed for substantiation.",most reliable 4G LTE network
harv_ev_narb_narb_recommends_directv_better_disclose_to_consumers_2016_56ac98_1445,assessable_claim,This is a self-contained advertising claim. 'Say goodbye to messy cable wires and boxes. Enjoy entertainment wirelessly on every TV in your home' makes specific claims about convenience and wireless capability that are assessable.,Say goodbye to messy cable wires and boxes. Enjoy entertainment wirelessly on every TV in your home
harv_ev_nad_nad_recommends_mega_t_discontinue_burns_fat_claim_co_2016_3b9cd4_2561,assessable_claim,"This is a self-contained advertising claim. 'Garcina Cambogia Reduces food cravings and increases metabolism' makes specific, assessable claims about the effects of a product.",Garcina Cambogia Reduces food cravings and increases metabolism
harv_ev_nad_shark_air_purifiers_2022_b8f8cf_2803,assessable_claim,"This is a self-contained advertising claim. 'Capture 99.98% of large, small, & micro-size particles' is a specific, quantifiable claim about product performance that is assessable.","Capture 99.98% of large, small, & micro-size particles"
harv_ev_caag_cri_genetics_2024_0577,not_a_claim,"This appears to be descriptive or procedural text from a legal document, not an advertising claim. 'sampled DNA tests from 12 different companies' describes an action or finding, not a promise to consumers.",sampled DNA tests from 12 different companies
harv_ev_ftc_opendoor_ibuying_2022_0441,fragment,"This is a fragment. 'local real estate experts' is a descriptive phrase, but without knowing who or what is being described as such, it's not a self-contained claim. It needs context to be assessable as an advertising claim.",local real estate experts
harv_ev_nad_nad_recommends_microgreen_polymers_discontinue_chall_2015_694c77_0730,assessable_claim,"This is a self-contained advertising claim. 'Please recycle this InCycle cup' implies the cup is recyclable, which is an assessable claim about its environmental properties.",Please recycle this InCycle cup
harv_ev_nad_nad_abbott_claims_2011_40ce70_1538,assessable_claim,"This is a self-contained advertising claim. 'Protects muscles by strengthening the muscle cell wall' is a specific, assessable claim about a product's physiological effect.",Protects muscles by strengthening the muscle cell wall
harv_ev_caru_moose_toys_fail_fix_dolls_2022_ac39b0_3467,not_a_claim,"This appears to be dialogue or narrative from an ad, not a direct advertising claim about a product's features or benefits. It expresses a sentiment, not a promise.",Nope. No way. Nuh-uh. I can’t be seen like this!
harv_ev_nad_nad_recommends_modification_to_huggies_little_snuggl_2020_f6b309_0445,assessable_claim,"This is a self-contained advertising claim. 'better leakage protection* *Size 1 urine leakage' is a comparative claim about product performance, with a specific qualifier, making it assessable.",better leakage protection* *Size 1 urine leakage
harv_ev_nad_nad_finds_santica_can_support_certain_claims_for_cel_2009_ca68d0_0220,assessable_claim,"This is a self-contained advertising claim. 'CelluScience can produce results without any changes in diet, exercise or life style' makes a specific, assessable claim about the product's efficacy independent of other factors.","CelluScience can produce results without any changes in diet, exercise or life style"
harv_ev_nad_nad_recommends_reynolds_modify_certain_advertising_c_2012_07a293_2147,fragment,"This is a fragment. 'SECURE . . . FOR MANY USES' is incomplete. 'Secure' needs to specify what is secure, and 'for many uses' needs to specify what product or feature is being described. It lacks context to be assessable.",SECURE . . . FOR MANY USES
harv_ev_nad_national_advertising_review_board_recommends_philoso_2015_e5b947_0483,fragment,This is a fragment. 'inside: aging not yet visible on the surface' is incomplete. It's unclear what 'inside' refers to or what product is making this claim. It needs context to be assessable.,inside: aging not yet visible on the surface
harv_ev_nad_charter_communications_internet_2023_ec95d2_2845,assessable_claim,"This is a self-contained advertising claim. 'Ultra fast speeds of 400 Mbps' is a specific, quantifiable claim about internet speed that is assessable.",Ultra fast speeds of 400 Mbps
harv_ev_nad_nad_examines_pricing_claims_at_wegmans_following_cos_2017_8ff7a0_1911,assessable_claim,"This is a self-contained advertising claim. 'Don’t shop around town…shop at Wegmans and save' makes a clear, comparative claim about saving money at Wegmans, which is assessable.",Don’t shop around town…shop at Wegmans and save
harv_ev_dssrc_zilis_health_claims_2022_0d01ee_3392,assessable_claim,"This is a self-contained advertising claim, presented as a testimonial. The statement 'Zilis CBD has helped me so much in my daily life with stress and bad, dreary moods' makes specific, assessable claims about the product's effects on anxiety and mood.","Every day I see at least one post in my news feed about someone dealing with anxiety. Zilis CBD has helped me so much in my daily life with stress and bad, dreary moods"
harv_ev_nad_nad_recommends_reckitt_benckiser_discontinue_certain_2019_0993b6_0491,fragment,"This is a fragment. 'Upgrade to Air Wick' is an imperative, but it doesn't state what the 'upgrade' entails or what benefits it offers. It's an instruction without a clear claim about the product itself.",Upgrade to Air Wick
harv_ev_ftc_intuit_turbotax_free_2022_0279,assessable_claim,"This is a self-contained advertising claim. 'Join the millions who file for $0' makes a specific, quantifiable claim about the cost of filing, which is assessable.",Join the millions who file for $0
harv_ev_ftc_walmart_bamboo_greenwashing_2022_0079,not_a_claim,"This is a product name or description, not an advertising claim about its performance or benefits.",Pacific Coast Textiles 6-pack Bamboo Towel Set
harv_ev_nad_smile_prep_claims_disclosures_2022_2f4221_3032,fragment,The phrase 'results in as few as four months for some customers' is incomplete without knowing what 'results' refers to. It's a fragment of a larger claim.,results in as few as four months for some customers
harv_ev_nad_nad_recommends_p_g_discontinue_comparative_claim_in__2011_6a1645_2110,fragment,"This is a slogan or tagline, but it's too vague to be an assessable claim on its own. 'Get More. Feel More' requires context to understand what is being gotten or felt more of.",Get More. Feel More
harv_ev_nad_nad_examines_advertising_for_d_artagnan_s_artisan_fo_2009_0fd51d_1766,assessable_claim,"This is a self-contained claim about how animals are raised, implying a certain quality or ethical standard that could be substantiated.",hand-raised with tender care under the strictest of animal care standards
harv_ev_ftc_intuit_turbotax_free_2022_0261,assessable_claim,"This is a clear, self-contained claim offering a 'FREE final expert review,' which can be assessed for truthfulness and any hidden conditions.","Plus, get a FREE final expert review"
harv_ev_ftc_omics_deceptive_publishing_2019_0110,not_a_claim,"This appears to be a company name and a description of its business, not an advertising claim about the benefits or features of its services.",iMedPub LTD Peer Reviewed Open Access Journals & Articles Publishing Company
harv_ev_nad_klf_international_says_it_will_discontinue_claims_fo_2016_b3cc26_0101,assessable_claim,"This is a specific, quantifiable claim about weight loss ('Drop up to three dress sizes in a week') that can be substantiated or disproven.",Drop up to three dress sizes in a week
harv_ev_nad_nad_advantice_health_claims_2020_8ab86a_3093,fragment,"The phrase 'new & improved dosing directions' is a fragment. It implies an improvement but doesn't state what is new or improved about the directions, or what product they are for.",new & improved dosing directions
harv_ev_nad_nad_refers_advertising_for_ba_sports_nutrition_s_bod_2017_9c9085_0041,assessable_claim,"This is a clear call to action ('Ditch artificial Sports Drinks') followed by specific reasons ('artificial flavors, artificial sweeteners, artificial colors'), making it an assessable claim about the product's composition and a comparison to competitors.","Ditch artificial Sports Drinks: artificial flavors, artificial sweeteners, artificial colors"
harv_ev_nad_3m_challenges_advertising_for_s_c_johnson_s_pledge_f_2009_8149a3_1807,assessable_claim,"This is a direct, quantifiable comparative claim ('Each one of these rollers is equal to 185 of those sticky roller sheets') that can be substantiated.",Each one of these rollers is equal to 185 of those sticky roller sheets
harv_ev_nad_nad_recommends_shark_discontinue_preference_claims_f_2017_87de5d_0474,fragment,"The phrase 'America preferred … Shark' is a fragment. It's missing what America preferred Shark *for* or *over*, making it incomplete as a standalone claim.",America preferred … Shark
harv_ev_nad_nad_recommends_american_dryer_discontinue_claims_cha_2016_f4f36c_0082,assessable_claim,This is a superlative claim ('ExtremeAir CPC is the most hygienic method of hand drying ever!') that can be assessed for substantiation.,ExtremeAir CPC is the most hygienic method of hand drying ever!
harv_ev_nad_supragenix_discontinues_certain_advertising_claims_f_2013_ac00f3_0109,assessable_claim,"This is a clear, self-contained claim about the physiological effects of a product ('stimulates appetite and slows metabolism') that can be substantiated.",stimulates appetite and slows metabolism
harv_ev_nad_cox_internet_speed_2025_da0876_3562,assessable_claim,This is a specific claim about internet speed availability ('Multi Gig Speeds Everywhere') that can be assessed for truthfulness and coverage.,Multi Gig Speeds Everywhere
harv_ev_nad_nad_recommends_cystex_modify_advertising_to_better_d_2011_118d1a_2199,assessable_claim,"This is a clear, self-contained claim about the benefits of a product ('Cystex Helps Manage UTIs . . . and Now Promotes Urinary Health!') that can be substantiated.",Cystex Helps Manage UTIs . . . and Now Promotes Urinary Health!
harv_ev_ftc_hrblock_free_filing_2024_0424,assessable_claim,"This is a clear, self-contained claim offering a service for free ('Simple returns file free') that can be assessed for truthfulness and any hidden conditions.",Simple returns file free
harv_ev_nad_nad_recommends_alcon_laboratories_discontinue_certai_2017_21a35e_0435,fragment,The phrase 'more like natural tears' is a fragment. It's a comparative claim but is missing what is 'more like natural tears' and what it is being compared to.,more like natural tears
harv_ev_nad_nad_finds_vitanergy_can_support_certain_ingredient_b_2012_9d8bae_1981,assessable_claim,"This is a clear, self-contained claim about the health benefits of a product ('helping alleviate symptoms associated with an enlarged prostate') that can be substantiated.",helping alleviate symptoms associated with an enlarged prostate
harv_ev_nad_nad_recommends_lg_discontinue_ultimate_picture_quali_2018_2fd600_2088,assessable_claim,This is a self-contained claim about a product's performance and superiority ('Infinite Contrast. Perfect black is only attainable on an LG OLED TV') that can be substantiated.,Infinite Contrast. Perfect black is only attainable on an LG OLED TV
harv_ev_nad_prestige_brands_halts_certain_comparative_claims_for_2013_53faed_0166,assessable_claim,"This is a clear, self-contained claim about the effectiveness of a product ('Get your dentures crystal clean') that can be assessed for substantiation.",Get your dentures crystal clean
harv_ev_nad_genexa_otc_kids_pain_fever_2022_85e880_3018,not_a_claim,"This phrase ('food that makes you hungry') is a descriptive statement that could be part of a claim, but on its own, it's not an advertising claim about a specific product or its benefits. It sounds more like a general observation or a definition.",food that makes you hungry
harv_ev_nad_nad_recommends_philips_discontinue_certain_claims_fo_2011_0fd009_0125,fragment,The phrase 'design available in toothbrushing' is a fragment. It's incomplete and doesn't make a specific claim about a product's design or its benefits.,design available in toothbrushing
harv_ev_nad_nad_recommends_church_and_dwight_discontinue_2x_4x_c_2013_086d40_2618,assessable_claim,"This is a clear, self-contained claim about the concentration of a product ('Ultra Power 4X Concentrated') that can be assessed for truthfulness.",Ultra Power 4X Concentrated
harv_ev_ftc_walmart_bamboo_greenwashing_2022_0070,not_a_claim,"This is a product name or description, not an advertising claim about its performance or benefits.",Park B. Smith Ultra Spa Luxury Bamboo Solid Bath Rug
harv_ev_nad_nad_examines_advertising_for_park_labs_reparagen_2008_728e76_2337,assessable_claim,"This is a clear, self-contained claim about the comprehensive health benefits of a product ('works on a holistic level for all aspects of joint health, including muscles, bones, tendons, and ligaments') that can be substantiated.","works on a holistic level for all aspects of joint health, including muscles, bones, tendons, and ligaments"
